"Method","GroupBasedOn","Group","HeS","HoS","DL","HD","DR"
"CbMPDiCbraya","Management","Pre","0.000157897929929126","0.603033635963747","0.168302020911537","0.0217809995681005","0.206725445626686"
"CbMPDiCbraya","Management","In","0.0233377884655276","0.535895486228018","0.253399995069229","0.0423738900453756","0.14499284019185"
"CbMPDiCbraya","Management","Post","0.00340026617289271","0.49572883494621","0.319396131596964","0.0102460042974143","0.171228762986519"
"CbMPDiCbraya","Management","Pre_vs_In","0.0120282368785405","0.544977902089774","0.268626513669928","0.015492634033957","0.158874713327801"
"CbMPDiCbraya","Management","Pre_vs_Post","0.022673703178859","0.408374013971557","0.361988075471282","0.00583358426977995","0.201130623108522"
"CbMPDiCbraya","Management","In_vs_Post","0.020665742805602","0.482579839665648","0.334539042397063","0.0140700191650278","0.14814535596666"
